<?xml version="1.0" encoding="UTF-8" standalone="yes"?>
<addon id="plugin.video.drakkotv.nexus" name="DrakkoTV+" version="1.0.3+nexus.1" provider-name="Team Magusplay"> 
<requires>
    <import addon="xbmc.python" version="3.0.0"/>
    <import addon="script.module.requests"/>
    <import addon="script.module.simplejson"/>
	<import addon="script.module.kodi-six" />
</requires>  
<extension point="xbmc.python.pluginsource" library="default.py">
	<provides>video</provides>
</extension>   
<extension point="xbmc.addon.metadata">
	<summary lang="en">Addon Sem fins lucrativos</summary>
	<summary lang="pt">Addon DrakkoTV+ Team Magusplay</summary>
	<description lang="en">Addon for kodi 19+</description>
	<description lang="pt">Addon para kodi 19+</description>
    <disclaimer lang="en">The author is in no way affiliated with Kodi, Team Kodi or the XBMC Foundation. This is a non-profit resource.</disclaimer>
	<disclaimer lang="pt">O autor não é de forma alguma afiliado ao Kodi, Team Kodi ou a XBMC Foundation. Este é um recurso sem fins lucrativos.</disclaimer>
    <platform>all</platform>
	<assets>
       <icon>icon.png</icon>
       <fanart>fanart.jpg</fanart>
    </assets>
	<news>
v1.0.3+nexus.1
- Addon DrakkoTV+ Team Magusplay
	</news>
</extension>
</addon>